"Name","lr1","lr2","epoch","train_loss","val_loss"
"splendid-darkness-1189","2.9761709328214976","3.197530415012906","99","0.4764045783058254","0.05288868718492603"
"eager-gorge-1188","2.290675779662964","6.869198388819028","","",""
"fine-snowball-1187","2.2143502002219786","4.442651121533456","","",""
"stellar-bush-1186","2.0755352958182023","2.5317698483205406","","",""
"silvery-brook-1185","2.1039990803847024","2.458237617346251","","",""
"dainty-plasma-1184","5.553329364192951","2.6489834595865456","99","0.4549529121898713","0.05972323208365832"
"fallen-bush-1183","2.468476149372096","2.7419358644097573","1","2.3881564362127508","2.7754669339955613e+21"
"swift-shape-1182","2.828312564917921","4.585813728850581","5","41.430494555282486","15.397365893435037"
"warm-durian-1181","3.3391491896523977","2.5380691557282393","99","0.4512918823057075","0.06255362460022225"
"devout-snowflake-1180","2.6089752448852908","4.096089227404138","99","0.6096499637938747","0.06470263976453627"
"peach-shadow-1179","2.4149420024550787","4.225372212022105","","",""
"exalted-moon-1178","2.2032744635550774","6.970749437738926","","",""
"youthful-plasma-1177","2.5814390807036514","3.265814086231445","","",""
"happy-blaze-1176","4.034484558006138","2.841836592762515","99","0.4523670208183556","0.05708577441294532"
"warm-cherry-1175","2.903469649647967","2.026369839906101","99","0.47707735848823984","0.0800312945789763"
"light-waterfall-1174","2.2365936047935526","4.528908785848086","0","35.575435508394","10.290875824750962"
"earnest-frog-1173","3.8934220931871297","2.1429411636332425","99","0.4659646833813688","0.07481390202628505"
"sweet-star-1172","2.316537443030458","2.67129671061129","","",""
"lunar-pyramid-1171","2.9868659685991026","4.026958087262001","99","0.5207236554988309","0.05613512576522808"
"smart-pyramid-1170","2.1775779470836785","2.841696920541648","","",""
"clean-elevator-1169","6.015473497713205","2.262091478484404","99","0.4553371817982778","0.06431857005658856"
"ethereal-pine-1168","2.9577092443112125","3.7802687733370264","99","0.5133268470900962","0.05291828787202659"
"vocal-lion-1167","2.202983737740725","3.5786295544006945","","",""
"upbeat-water-1166","2.267459393323315","3.2603174947740827","","",""
"logical-wave-1165","2.0189029726347476","2.22447795656577","","",""
"olive-smoke-1164","2.17928988824419","4.233303747147561","","",""
"glamorous-paper-1163","4.666464115191641","2.059239090939778","99","0.47275929525256755","0.0715691273052191"
"neat-puddle-1162","2.6042783437400923","2.932682015107045","99","0.48391700551916894","0.05560411502371549"
"giddy-night-1161","2.3774174328409967","3.958627988481956","","",""
"lucky-monkey-1160","2.746700589377568","4.967762757124644","0","31.467908611273455","11.445190357290906"
"vague-shadow-1159","2.807790022798432","2.491541508797056","","",""
"divine-rain-1158","2.49183189210961","2.0088128153946383","","",""
"volcanic-terrain-1157","2.5679329027901785","3.457992424772189","","",""
"bright-monkey-1156","2.498424608488496","4.152567108168162","2","1.7834679368260116","6411346168.628379"
"fast-aardvark-1155","4.3011840699496355","2.5334000294964323","99","0.45337317856745807","0.06263157442266143"
"stilted-plant-1154","2.645809176289157","6.984686462653794","99","0.7326949972116665","0.059496668726562264"
"logical-rain-1153","2.2069115551114247","4.841162783613184","","",""
"stellar-frost-1152","2.4272191245956485","2.760061826168565","","",""
"blooming-snowball-1151","2.1770428768524557","5.544771299185504","","",""
"flowing-smoke-1150","2.8168034238554087","2.8693691255224194","0","36.46636767214547","7.27483213869894"
"breezy-plasma-1149","2.2993709628022616","5.488483210251504","","",""
"toasty-disco-1148","6.13637116644172","2.8018583663510306","99","0.45611346155832166","0.061437077767943805"
"woven-dust-1147","2.6425769877032548","6.533961536905134","99","0.6907062339959716","0.057806244111179066"
"ethereal-river-1146","2.0372269497664015","4.718394570197534","","",""
"zany-firefly-1145","2.470740553478639","5.38944359912043","","",""
"peachy-tree-1144","2.158487094904997","3.534505637263263","17","2.5579967377210946","0.08673865892460737"
"rose-snowball-1143","2.283096723053751","3.727709778527123","","",""
"faithful-butterfly-1142","2.3080990671910437","2.9880066749626653","","",""
"lively-rain-1141","2.6597725102913774","5.906089335699958","","",""
"lemon-voice-1140","6.2010312109266295","2.7690507459722835","99","0.4559147102954614","0.05965897314289617"
"classic-water-1139","2.8953949938492065","3.770899074622302","99","0.51104857715692","0.05101944974456804"
"denim-star-1138","2.660417787940641","2.4776926852766334","","",""
"amber-vortex-1137","2.4859738257102233","5.086328480299143","","",""
"comic-rain-1136","2.216100725132664","6.500894517038895","","",""
"clear-armadillo-1135","2.110026768313062","6.913528543383384","","",""
"restful-glitter-1134","2.482480630569704","2.7323119835150687","99","0.5088779255113585","0.0701215551929262"
"easy-oath-1133","2.896280042578183","2.9000372291387797","99","0.4566159759634771","0.058105152586353966"
"fresh-river-1132","2.0813636823790915","4.19143996117717","","",""
"hearty-elevator-1131","2.9075105868644906","2.5296285826945297","99","0.4727803541232541","0.06350861184830175"
"colorful-dew-1130","2.3896019582482935","2.1705013170896903","0","37.3544207825034","1031.341083132411"
"peachy-darkness-1129","2.895090356056512","4.301581585494751","99","0.5598281494155859","0.05430086849943741"
"hopeful-smoke-1128","2.4600520984216163","5.001753230522956","","",""
"kind-frost-1127","2.428176952541637","3.3083648661556744","","",""
"lyric-dew-1126","2.7749774933142164","3.6597062076740663","","",""
"zany-cherry-1125","5.081365092317209","2.883203885895838","99","0.45438234149609497","0.05483408878030885"
"hearty-pine-1124","2.7925776195661434","4.595283628871159","99","0.5975375708648646","0.05723714685230823"
"visionary-pyramid-1123","2.0068451198702","5.565255682629572","","",""
"whole-bird-1122","4.994732925861779","2.3997638222281545","99","0.4532812080347764","0.0650366437295049"
"dry-armadillo-1121","2.110153086156572","2.6371155014604826","","",""
"charmed-sponge-1120","2.712650196221481","5.886939951805864","99","0.6488983760622405","0.059825540065542485"
"major-field-1119","2.58452881359201","3.4451565588666138","","",""
"mild-dragon-1118","2.231815511287289","4.1738958393621415","","",""
"drawn-lion-1117","6.02590493307812","2.808083596009893","99","0.45215046884753224","0.05880335697135727"
"peach-brook-1116","2.578619999449582","3.819652755923215","","",""
"leafy-yogurt-1115","3.2586929878604023","2.6105518902573057","99","0.46650470251966686","0.060542089922201045"
"eager-shape-1114","2.8978922357525243","5.5060933748399625","99","0.6165869317796379","0.05382077806125595"
"earthy-microwave-1113","6.727058808350216","2.952955185828108","99","0.46477522795861864","0.05507630397952624"
"honest-sunset-1112","2.7877083706949364","5.328924061197542","99","0.644206496138496","0.05742882061221778"
"playful-flower-1111","2.150758465517868","6.496028654701675","","",""
"eternal-rain-1110","2.6882735268577123","4.712939271084716","","",""
"zany-hill-1109","2.215190467917788","5.768831846591439","","",""
"fragrant-firebrand-1108","3.47590426458051","2.253361299577371","99","0.45833933663224974","0.06389110127009053"
"pious-eon-1107","2.802025892842102","2.7266968324325167","99","0.4626932881255188","0.05543155954586815"
"logical-frog-1106","2.6801116525214725","2.4907308906742855","","",""
"glowing-oath-1105","2.368629117305021","3.383047074415618","","",""
"dulcet-plasma-1104","5.378563056260741","2.2982349335074357","99","0.452360776993788","0.06492858785167965"
"blooming-river-1103","2.588551824213375","3.3272694674433567","99","0.5122706952366546","0.05579619040231485"
"autumn-fog-1102","2.0947262809854026","4.916840324043664","","",""
"toasty-aardvark-1101","2.739802241774317","3.6865583524063736","","",""
"honest-firebrand-1100","2.339815642237085","2.1735010042644443","","",""
"logical-valley-1099","2.091464678879195","5.450731535348792","","",""
"snowy-field-1098","2.8682271392596768","3.523216488885315","","",""
"glowing-feather-1097","2.052401671296698","4.404781617835159","","",""
"lilac-energy-1096","2.211410175877213","6.584424618178067","","",""
"stellar-tree-1095","2.3130095129013633","5.1514273161180615","","",""
"lively-yogurt-1094","5.2414343406565","2.9026558850376003","99","0.4620952457457403","0.056438001743994014"
"giddy-deluge-1093","2.968059059309802","6.167804684425533","99","0.6310089547815307","0.05625342910980617"
"floral-donkey-1092","2.4111508478672943","6.858266739571789","2","91.39894293908928","7105494105.35127"
"rich-sponge-1091","3.281112147401053","2.353721932999102","99","0.45730958127177784","0.06087141810233765"
"amber-firebrand-1090","2.665473151386169","6.943337649709725","99","0.6983073307072846","0.06514851417516371"
"copper-energy-1089","2.3018794613656404","5.255612882305142","","",""
"electric-jazz-1088","3.854590969224537","2.7079377660519044","99","0.44895495761521337","0.05657071388318715"
"vivid-yogurt-1087","2.231649679462856","2.9464311034549096","0","20.664909714213145","0.2267356852170128"
"major-pyramid-1086","2.81113209251095","2.4949960198531747","99","0.46343589737024166","0.05961094665009587"
"splendid-lion-1085","2.8300120844983603","5.727964724989812","0","27.139856176721217","38.879002226870575"
"dry-resonance-1084","3.171142136482139","2.864823921788262","99","0.4623410937490848","0.05396920949616825"
"graceful-sound-1083","2.059885749504632","2.270649853527934","","",""
"azure-sea-1082","4.893731729239136","2.0274164029965176","5","0.9070683398751284","1.765175602358673"
"noble-wildflower-1081","2.041849334623593","2.7248987426600912","","",""
"hearty-cosmos-1080","2.7004162012958286","4.786906623840704","99","0.6560626997088878","0.061002480022515085"
"polar-aardvark-1079","5.96114672162908","2.891351697501492","99","0.45887001118376913","0.057854458843041565"
"volcanic-thunder-1078","2.7655606685637286","4.856346362067512","99","0.6326087247668468","0.05656382858282333"
"comfy-silence-1077","2.281326754453306","6.539702451920657","1","76.52568706306222","0.081314342379362"
"wobbly-shape-1076","5.075069784163437","2.744466024465834","99","0.45234018067280185","0.05654831954060805"
"smooth-leaf-1075","2.3388198319561484","2.0071158732093446","","",""
"magic-bee-1074","2.454232125044428","3.1027451392961796","99","0.5090256188368993","0.05455303893255911"
"copper-pine-1073","2.0900632104701327","4.058744963187571","","",""
"desert-armadillo-1072","2.5054134321948154","2.8659160422951","","",""
"stellar-night-1071","6.064424755311109","2.1814540637159308","99","0.46451704184559894","0.06470667459190103"
"hopeful-vortex-1070","2.595839377817286","6.978788093420458","99","0.7373617960663916","0.06062409787805952"
"wandering-star-1069","2.1915454353971784","5.706726702431917","","",""
"gentle-pond-1068","2.1795875087006316","4.656595381898143","","",""
"rural-silence-1067","5.3191728079888545","2.2801204325671898","99","0.4611316351540932","0.0664013432960898"
"good-sunset-1066","2.6622284849421773","6.576327011348737","99","0.6795720950505665","0.057114364708824056"
"rare-music-1065","5.80701145480513","2.6804879892283626","99","0.4550364807858502","0.058812261416856706"
"cool-forest-1064","2.9906077265568896","5.266421018147925","99","0.6154053440377759","0.05288912537939672"
"noble-frost-1063","2.108674165638372","2.043634689174038","","",""
"autumn-snowball-1062","5.5905225363537525","2.059448665987475","99","0.4663865752351074","0.08067317829868399"
"crisp-star-1061","2.444219889028978","4.088653997116413","99","0.6717851398765287","0.06214772197915572"
"dainty-aardvark-1060","2.5917002073868916","3.301998243896358","","",""
"still-glade-1059","2.325120909132311","5.257003282358296","","",""
"clear-meadow-1058","2.6784678156798822","5.655722469746539","1","22.130616024294454","75.29789603648312"
"genial-universe-1057","2.0990051958252662","5.966229676811714","","",""
"major-meadow-1056","2.888632452569934","2.2220044044928176","","",""
"ethereal-cherry-1055","2.3320103959887364","2.8408678754617647","0","52.06137309018465","418683.8414839285"
"true-plant-1054","2.1296959751818005","4.938007363719326","","",""
"major-jazz-1053","2.809990592416063","6.1375782801657355","1","38.37362018832459","3.001748886615393"
"young-river-1052","2.1858550679489923","3.579622585816276","","",""
"rich-sun-1051","2.3351012471946015","2.3512605908755706","","",""
"autumn-blaze-1050","4.686872640474882","2.472409155798021","99","0.45073888639210186","0.06025938812771031"
"dazzling-voice-1049","2.763205922750686","5.759721824869039","99","0.6300825326112337","0.055241998617178247"
"effortless-eon-1048","2.4074823899482296","6.170307607581513","","",""
"still-gorge-1047","4.389944301687896","2.009240955611343","99","0.4751020154537065","0.0714876746556794"
"flowing-shape-1046","2.7323652019091047","3.840370400331987","99","0.5381927537146722","0.05844866462290388"
"crimson-flower-1045","2.7106513429379175","3.854190845387878","","",""
"magic-galaxy-1044","2.4677119961993332","5.205872999044562","0","45.00702121459376","4419.851732857274"
"lucky-bee-1043","4.995953013503222","2.040406655391117","99","0.4690307104909434","0.07798896738837086"
"azure-deluge-1042","2.7972732330409427","2.1573771732840807","99","0.4902212538071264","0.0767413105476317"
"spring-cosmos-1041","2.4919447872304747","4.053045316482795","","",""
"astral-surf-1040","2.0904860002830032","4.809246928629048","","",""
"fallen-fog-1039","4.904189324703275","2.6921227175477216","99","0.4493777638649744","0.0597124418601536"
"absurd-morning-1038","2.1128223131128996","2.1332234451108634","99","2.6517970433446765","0.09046544202528951"
"silver-smoke-1037","2.643930407804373","3.39868023811182","","",""
"lunar-haze-1036","3.274209530430893","2.4810317490925136","99","0.462097730125867","0.0591512859976646"
"light-shadow-1035","2.8214610320020888","6.727664920261525","99","0.6201468554822505","0.05527762216767647"
"spring-dream-1034","2.2707270225195906","4.195852669507976","","",""
"distinctive-spaceship-1033","2.7961470050486468","5.561168880250712","","",""
"divine-breeze-1032","6.527528601894825","2.5370516854653298","99","0.45238927518187255","0.06305354365440753"
"lyric-snowball-1031","2.977755195613138","3.293426747244289","99","0.4694424951176682","0.054303757462610375"
"avid-blaze-1030","2.549667974149895","4.038735025015302","","",""
"rare-dust-1029","2.7016458404258032","2.411701015944864","","",""
"warm-jazz-1028","2.863093872794481","3.496425398584515","","",""
"lucky-voice-1027","6.24246309448772","2.85536503738611","99","0.4549625993807454","0.058389331725803253"
"smooth-energy-1026","2.776225400993377","5.5191722581656935","99","0.6193871012693174","0.06625054397080202"
"blooming-wood-1025","4.554307487810599","2.048236435087163","99","0.4675807573017505","0.07360153628728713"
"skilled-plant-1024","2.549965913387415","6.172722498366858","99","0.7358796963503217","0.06009163027293987"
"zesty-meadow-1023","2.4258013284900537","5.996840036063","","",""
"easy-sky-1022","2.80539468313618","5.46520333127358","","",""
"feasible-energy-1021","2.1836402058651756","3.4981430733463847","0","22.08740220163503","0.09125849399322844"
"helpful-oath-1020","2.0631703487801047","3.8471628302781657","","",""
"expert-butterfly-1019","4.263428121997075","2.3856098171119267","99","0.4555053114555067","0.06408171917944772"
"hardy-snowball-1018","2.886289722964826","6.167306127802467","99","0.6182375008762675","0.05783367059046108"
"colorful-surf-1017","6.711389437890944","2.115440167872964","99","0.46914990212250546","0.07268779259363382"
"blooming-voice-1016","2.8928677087556327","3.4898996760975485","99","0.4828312026645491","0.05051693071210316"
"legendary-rain-1015","2.087458262373387","3.087571102836631","","",""
"sunny-fire-1014","2.6365723346318135","5.439363819731299","","",""
"decent-wildflower-1013","2.8623294556516825","2.590247270889228","","",""
"neat-silence-1012","2.2333795636291347","3.5322329882596413","","",""
"honest-morning-1011","2.3157810891726953","3.6695276852006073","","",""
"glorious-snowball-1010","6.717890798258248","2.602339588218838","99","0.4544137303014058","0.06390588485488152"
"ethereal-planet-1009","2.6496550296692685","2.5914798447185436","99","0.4706385737473644","0.0592529990608323"
"lyric-hill-1008","2.2153539957599415","4.1211731411912105","","",""
"usual-spaceship-1007","2.66774577363325","5.9254167895773255","","",""
"dry-capybara-1006","4.287363092820577","2.87376479276508","99","0.451885945236851","0.06012873380092274"
"pious-night-1005","2.372950519898619","3.4496385047964284","","",""
"sage-planet-1004","2.0167248494425394","2.11132370395396","","",""
"rosy-pyramid-1003","2.1338407186793855","6.618171739600089","","",""
"icy-cherry-1002","6.189201418019492","2.299766471148339","99","0.4601204142768237","0.06651158413641506"
"winter-waterfall-1001","2.3890373116050236","2.1529773640020555","","",""
"fearless-dawn-1000","2.64857109247587","2.9305755969273366","99","0.4852263503804514","0.05392342831906829"
"earthy-dream-999","2.5634503302866696","5.802257462718126","","",""
"ethereal-water-998","2.54670539023928","2.557825029216255","","",""
"exalted-fire-997","3.0739334755974905","2.9180350003038757","99","0.4609513526090824","0.05572764852041382"
"ethereal-hill-996","2.980804264348143","6.280051289914072","99","0.6101058069304468","0.05405458239041413"
"crisp-shape-995","2.7172194163036867","6.7484772328531015","0","57.64980513969954","4.23370832900342"
"radiant-yogurt-994","2.5266721182253646","5.940148687239651","","",""
"dandy-plant-993","6.471574620397913","2.743727302726289","99","0.4607458528119418","0.05797756758154242"
"light-darkness-992","2.9599929161122285","6.106300041347121","99","0.639684219455188","0.055339327585493744"
"silver-snow-991","4.9390572451258015","2.844619588317623","99","0.453239381452199","0.05465541627014462"
"royal-durian-990","2.9215953384102074","4.9142087898216005","99","0.6024907266350198","0.05529874377312884"
"playful-wildflower-989","2.1234729143397586","6.043661819099728","","",""
"northern-butterfly-988","2.5002412966981717","3.6955429287339303","0","75.96497394013281","7674.698515562892"
"summer-cloud-987","2.7575385733865807","2.047122558829259","","",""
"whole-wood-986","3.23444703852928","2.8706747496131033","99","0.4542286784487442","0.05542258631412772"
"lyric-sound-985","2.522963003576585","3.604037189274168","99","0.5390500166647755","0.05746716901863011"
"sparkling-yogurt-984","2.0359462979225444","4.953600215703364","","",""
"glamorous-paper-983","2.4393580413727163","2.8568732913953414","","",""
"vivid-aardvark-982","2.3207635927073342","6.720585096734116","","",""
"kind-salad-981","2.7929183999103184","5.658099051216589","0","55.92136699077656","14.1108608459937"
"spring-wildflower-980","2.397835765176505","4.916502959457954","","",""
"prime-cherry-979","2.147341211808486","3.099454937870984","","",""
"different-puddle-978","6.284786801791746","2.7336887212821495","99","0.4530538360446738","0.05526475036715617"
"fallen-dawn-977","2.690720821232343","2.409352107431161","99","0.4636730273831643","0.06736140935044962"
"misty-universe-976","2.1168403414746315","6.510283625745454","","",""
"decent-smoke-975","5.048856080467051","2.0798989050917394","99","0.4706644510642664","0.06780880111528773"
"breezy-totem-974","2.762540947547373","4.471401122260113","99","0.570023533379082","0.05385253577624296"
"stellar-sound-973","2.3076019063848916","5.899122707052862","","",""
"fearless-vortex-972","3.7719467768494326","2.4896518156990055","99","0.44749331534271425","0.06459855059469968"
"firm-silence-971","2.9896928144100876","4.6029378821264055","99","0.5807495103603825","0.05679695468840024"
"crimson-yogurt-970","2.760806238036869","2.6868187654382427","99","0.4646821756114103","0.059774917963833885"
"generous-silence-969","2.821000405736915","5.786150132136903","99","0.6299325543996458","0.053682823520081024"
"scarlet-dust-968","2.3764877610428403","3.1963697870464136","","",""
"young-sunset-967","2.262252856414344","5.812332458646723","7","3.0404487110562255","42.10414190048654"
"fragrant-capybara-966","2.334985410261233","4.09111835637926","","",""
"valiant-fire-965","2.6725243325055663","6.3913730530502395","","",""
"happy-jazz-964","6.224142657011287","2.4313060670728373","99","0.4535335004180008","0.06640228769574882"
"fancy-galaxy-963","2.022268144412969","2.2763119152065543","","",""
"dulcet-fog-962","2.583813688170264","4.337666544895274","99","0.6267685466949124","0.05428050278919036"
"cosmic-lion-961","2.4494555845484185","3.395093061066296","","",""
"misty-eon-960","2.6763908328593207","2.0622382552534004","","",""
"likely-spaceship-959","5.914771815487377","2.844266694042799","99","0.4562761250332164","0.05577327045219024"
"dark-energy-958","2.9327679486450045","2.0737750041060283","","",""
"hearty-armadillo-957","2.3500625816098757","2.98903842685743","","",""
"smooth-sea-956","2.5229552479922988","4.144790002185275","99","0.590303791432388","0.0563655384882322"
"zesty-bird-955","3.577866309277142","2.2829944187427063","99","0.45679074960785726","0.07259204913978587"
"stellar-snowball-954","2.9316462510458425","2.086813571450525","","",""
"eager-flower-953","2.879577834089387","2.2496400076610907","","",""
"electric-sponge-952","2.9571877396427295","5.405578633693832","99","0.6048577867001267","0.0590100084828247"
"helpful-firefly-951","2.7177234461896034","4.89281405711459","","",""
"azure-dream-950","2.3721843087234378","2.811388901609697","","",""
"visionary-meadow-949","5.470223015968898","2.9219479204065055","99","0.4614108519290546","0.05621898780564602"
"graceful-sponge-948","4.970827564739647","2.0582785592512183","3","0.98260641261161","0.08925965830255478"
"wobbly-surf-947","2.8770411148239297","4.076596176131576","99","0.5241764957523568","0.056802162382706266"
"unique-dust-946","2.5099806851782573","3.9967037257019777","","",""
"autumn-microwave-945","2.5906643258349153","5.863858597546363","","",""
"pretty-butterfly-944","5.648419626292066","2.6895119848084628","99","0.4490904123492984","0.06134700407605063"
"rosy-pine-943","2.5779316172424274","2.9398478956971967","99","0.48069226426111783","0.057226362806623327"
"eternal-dragon-942","6.651112555402945","2.7675412342168535","99","0.4570147920288042","0.05680496491567077"
"splendid-bush-941","2.992251875946239","3.320966280363427","99","0.4764202794358018","0.05458941223625405"
"earnest-silence-940","6.799857212578543","2.9132783023540076","99","0.4629092993974807","0.05568008564084827"
"bright-sky-939","2.9593613919733635","2.8971010526830963","99","0.46208692347920616","0.05850559775995551"
"exalted-planet-938","5.3521989471054","2.080047741677807","99","0.4621457662266686","0.0696810247923054"
"dauntless-galaxy-937","2.7334043353094266","3.6605195203601832","99","0.516069255098722","0.05376425973633672"
"playful-haze-936","2.29519900497778","2.205247587655571","","",""
"dashing-totem-935","2.777696984936015","3.1764211174341046","","",""
"balmy-violet-934","2.123198137419093","3.089671184789199","","",""
"stoic-brook-933","2.193887979846832","6.969021802946263","","",""
"earnest-yogurt-932","6.401841184034575","2.439670218598622","99","0.4510094251950448","0.06552783418420131"
"winter-sun-931","2.041621282279274","2.882353562587028","","",""
"olive-firefly-930","2.598227003975184","6.173417922822988","99","0.7080646588617775","0.05359526757701215"
"devoted-pine-929","3.940297611391068","2.5801571166509487","99","0.4454776768900845","0.06629139967952646"
"earthy-monkey-928","2.507380647316795","6.933105499488319","99","0.8050373397425631","0.061195584833351864"
"silvery-river-927","2.594597366610423","5.347031853256784","","",""
"quiet-planet-926","2.7567701473370296","2.797242289548856","","",""
"polar-darkness-925","2.2820110785384067","2.741996968260951","","",""
"polished-forest-924","2.6331698869603293","6.442495943787946","","",""
"fearless-salad-923","2.0485564603797615","4.023248572690584","","",""
"ruby-firefly-922","2.6680106638407928","5.142437409186134","1","51.63733342562563","0.1936555929463651"
"peachy-violet-921","2.4532575699024104","3.83280251554594","","",""
"jolly-hill-920","2.1533799295553813","4.2734220186043785","","",""
"ancient-sunset-919","2.2663859586041446","6.258855883488307","","",""
"brisk-pine-918","6.290948215532232","2.2019815946008503","99","0.46366878030025765","0.06932308338355817"
"woven-yogurt-917","2.4451507049624848","2.917838998211819","","",""
"avid-leaf-916","2.59366344747517","5.305099317303964","99","0.7011611192487265","0.06213893538713541"
"robust-plasma-915","2.378539742690784","5.191763145386339","","",""
"splendid-spaceship-914","2.675575981038576","2.472986417703355","0","27.00662760106886","13.506562980516854"
"swift-eon-913","2.750826673079968","6.471268857577976","5","5.58082980531333","35.93923521917987"
"rich-universe-912","3.785070152191092","2.6471320683110537","99","0.4563808209262438","0.057164887526953784"
"azure-yogurt-911","2.970453439946829","3.5465595148371056","99","0.4819658163614493","0.052975402483826387"
"glowing-night-910","2.5245977646270177","2.30799470154249","","",""
"whole-wind-909","4.109381167946927","2.364056672603054","99","0.4544245211397374","0.06586772569625303"
"morning-morning-908","2.730377832901101","5.528932940896915","99","0.6487148336740249","0.05580918399098712"
"wise-dream-907","2.8212188527476667","3.1326818408872152","","",""
"mild-aardvark-906","2.678651835372672","3.8228258703146554","0","47.74629504542371","65.98272830054968"
"fearless-firefly-905","2.3077994945042613","6.905068825121843","","",""
"decent-planet-904","3.635193550539771","2.939912179703728","99","0.4529134671159784","0.05582733295905664"
"avid-galaxy-903","2.346297123205694","2.321262580920405","","",""
"treasured-glitter-902","2.8205083530992017","3.567932483225782","99","0.49735780937482416","0.05258963527857119"
"genial-thunder-901","2.1788768858651126","4.792437108495743","","",""
"fancy-sound-900","4.956204321548668","2.5786561189566175","99","0.448544399669922","0.06230304892407254"
"bumbling-morning-899","2.7057769070135533","6.2835370027876705","99","0.667625831663341","0.06259497018263238"
"wobbly-oath-898","4.668236018716864","2.5160341000844344","99","0.4522174413525359","0.06748803146961584"
"gallant-firefly-897","2.7542533830333937","3.292424061385038","99","0.47607564004887054","0.055982654458103555"
"eager-sky-896","4.708428025759663","2.672035438392803","99","0.4505658914191178","0.060635409745421406"
"glorious-water-895","2.1475171615532807","3.624572349303248","99","2.651797062965664","0.0904654365505595"
"glorious-sound-894","2.5591597990939783","6.115206887749187","","",""
"restful-butterfly-893","3.701137794159388","2.5474230551322132","99","0.4591141980181951","0.07002362529687568"
"silvery-glade-892","2.663985652864512","3.720404311317899","99","0.5180822762207831","0.05379488544992522"
"rose-resonance-891","4.503185885443665","2.6937820262651684","99","0.45001691979596","0.05905521780002043"
"lilac-snowflake-890","2.4494074092620903","3.3801198513276876","99","0.5215995659876088","0.055249099614335745"
"frosty-star-889","2.347302283379789","6.5664915753607325","","",""
"wild-bird-888","2.024614064786237","5.325495633656077","","",""
"vocal-oath-887","2.299433374156036","4.169190282047391","","",""
"cerulean-pyramid-886","2.886384981542661","2.250425473115248","","",""
"swift-snowball-885","6.767342711547994","2.1004052312483865","99","0.4682011441065967","0.06480523183120677"
"spring-mountain-884","2.634567222797422","3.571193198263109","1","65.75754126515217","128.58733520330128"
"celestial-haze-883","3.7111282903111262","2.600939605132899","99","0.45309086811500127","0.0645785656876045"
"snowy-dream-882","2.817880246361593","5.291531078775279","99","0.6118769263134688","0.053950020916240585"
"solar-snowball-881","2.174525358570249","2.953345404990817","","",""
"effortless-gorge-880","3.8559052411012606","2.6219994880683313","99","0.4498993742443448","0.05710332837129836"
"scarlet-bush-879","2.3975462849389686","2.2352157940657533","","",""
"fine-wind-878","2.9954731096311886","5.844373639721837","99","0.5946863410374872","0.0551263522193632"
"sweet-mountain-877","2.4197901058237186","4.294490509930968","","",""
"curious-silence-876","2.881666236223648","3.2668282602403913","","",""
"vivid-serenity-875","2.315530418608926","5.521882198352225","","",""
"polished-dream-874","2.388644777999355","2.4112293227345063","","",""
"pleasant-pine-873","2.6428035682599806","4.606634351253912","","",""
"fast-moon-872","2.00289868127778","2.9565173072672177","","",""
"pious-yogurt-871","2.840914009305996","3.572915668897737","","",""
"lilac-surf-870","2.4009888364036662","2.4453914398235166","","",""
"icy-energy-869","3.432351352017756","2.7824262523801258","99","0.4511515661845952","0.058301452589257584"
"deep-dew-868","2.409987693793615","5.058900446639212","99","0.8372363348093247","0.062216990447109974"
"generous-river-867","2.2214155860994405","4.447679150933862","","",""
"fearless-mountain-866","2.693553167799997","5.708781436055082","","",""
"eternal-voice-865","2.0883143466342395","2.5778073987203896","","",""
"classic-fire-864","2.3988297266528003","3.578262738240854","","",""
"peachy-microwave-863","2.677130494364851","6.676715391667327","","",""
"radiant-bee-862","3.293722933721032","2.2614131347910806","99","0.46143965558168826","0.0698751844175948"
"legendary-sound-861","2.654473802515463","5.792127946360407","99","0.7013442436735055","0.06492513051643406"
"fine-firefly-860","4.096196426373835","2.5275436193488803","99","0.4525828141012031","0.06277310707179627"
"blooming-glade-859","2.043281682198781","5.357007992978035","99","2.6517970433237217","0.09046544202499444"
"quiet-mountain-858","6.348048319566229","2.01415582495651","99","0.47056612802904246","0.0703026003153976"
"eager-pine-857","2.643373502992158","2.2242212251435793","99","0.47524413045211095","0.06818373211921033"
"rural-bird-856","2.676553212857887","6.561386637010025","","",""
"deft-pond-855","2.7359996778528277","5.828101020933111","1","6.5215115290458","26.87267863943211"
"pious-gorge-854","2.057412264876778","3.125847300553267","","",""
"valiant-sea-853","5.213827968381893","2.4146284724910028","99","0.4521293727119083","0.0655661519038688"
"polished-voice-852","3.342770560215075","2.0278880838986644","3","1.0244975388091755","0.1361028679217282"
"denim-sea-851","2.7095445532388123","3.722177401802578","99","0.5298180576898016","0.05385248608199719"
"lilac-frost-850","2.463906345399521","6.7422042041683845","","",""
"sandy-bird-849","2.479841154644829","3.2846021948091884","","",""
"blooming-thunder-848","2.847405639307591","3.293636944268597","0","52.20904464436607","3.168810754067067"
"fluent-shadow-847","2.5834098898526037","5.282561908016189","","",""
"celestial-glade-846","5.892457768853269","2.187520455018418","99","0.4715489393803944","0.07363195697550856"
"fragrant-mountain-845","2.930957425960897","6.462041436740799","99","0.6129859135380636","0.051789823841753416"
"lively-wood-844","4.701611604269258","2.315686971327941","99","0.4545522110019649","0.06850930701429062"
"treasured-glade-843","2.56173867467714","4.984099076396431","99","0.6904449494639727","0.05923921098070073"
"zesty-deluge-842","2.575289185414552","6.020646565256608","","",""
"robust-breeze-841","5.82368565605103","2.186807999031083","99","0.4729346999938424","0.07844311257233608"
"stellar-eon-840","2.226746886770611","2.177621088777518","","",""
"faithful-gorge-839","2.257017108171501","4.188153658639631","99","0.862515052695846","0.07552310760836799"
"olive-water-838","4.325307308867723","2.8794823033170287","99","0.45457723881155015","0.056937838510139505"
"fine-butterfly-837","2.199577448010431","4.3057508797001915","99","2.6517921266958817","0.09046544328271394"
"balmy-microwave-836","2.31491065236834","4.382294746023879","","",""
"sage-dust-835","6.338864374002819","2.0005237559785116","99","0.4694731851536934","0.07323723478766286"
"stoic-dawn-834","2.7106569755150387","6.411697584209488","99","0.6515633667812335","0.05736559210661134"
"summer-deluge-833","4.7175153875628215","2.8766128998668794","99","0.45582384686526023","0.05717599383568833"
"helpful-gorge-832","2.1754394105600148","2.833237967877284","0","17.491701303918294","0.09122944224920083"
"copper-thunder-831","2.7258108727000003","4.291866454737879","99","0.5874119690107739","0.05239036697920133"
"peach-eon-830","2.710288565086054","6.168007668002937","","",""
"sparkling-microwave-829","6.532464394862164","2.9280826043301125","99","0.4639913378008617","0.05373788600090286"
"ethereal-frost-828","2.491620209835917","4.831460851924996","99","0.7237098396691827","0.06340932785490863"
"dashing-dust-827","5.300224595070919","2.4254397489042927","99","0.4518525887485779","0.06479781835057018"
"fluent-wave-826","2.7000745067800365","3.623205150195848","99","0.5091078665390557","0.05723168262779034"
"rural-planet-825","2.2060893902802334","2.4508909540884782","","",""
"dazzling-surf-824","2.7661403419052473","6.104179546989139","","",""
"lively-smoke-823","2.6101156960550256","4.398402032178618","","",""
"ruby-gorge-822","2.546130467807002","3.237113999473026","","",""
"glad-energy-821","2.026182189328971","3.5274966335641467","","",""
"dry-sun-820","5.73581974326422","2.894845392205774","99","0.4582709064137533","0.057427383951869526"
"copper-aardvark-819","2.77194807701344","4.4683137817525935","99","0.5785170300512921","0.05573829353619897"
"expert-yogurt-818","2.3270683799666916","6.0986281810494525","0","10.031890232941526","0.1190256230755471"
"gallant-fog-817","2.7392708505804384","6.930084327906343","","",""
"lilac-pyramid-816","2.445413178887794","2.126850003557739","","",""
"scarlet-elevator-815","2.578347408413944","6.322222139713156","","",""
"different-silence-814","4.224573963101143","2.604618495105008","99","0.45260369218493135","0.06031681033808601"
"apricot-snow-813","2.979904756434896","2.173302825912442","99","0.47158454860775273","0.0690743460639802"
"sage-cherry-812","2.077420436641935","3.491528893602781","","",""
"rosy-butterfly-811","2.7688012750795097","6.077617045289516","","",""
"glad-monkey-810","3.042033200720411","2.426096274564416","99","0.46114321893360266","0.06704194270680014"
"iconic-durian-809","2.826254465915105","3.22831299552489","99","0.4788239603396563","0.054228851467215795"
"pretty-silence-808","2.260284450602375","2.416008702207433","","",""
"breezy-sun-807","2.3938666663330785","2.232663133069197","0","71.542182659976","0.1789950758185757"
"vocal-rain-806","2.553394203427377","4.6901627871549385","","",""
"scarlet-capybara-805","2.2407024323439844","3.1556608876237773","","",""
"lively-wind-804","2.41828657230478","4.768656420240328","","",""
"azure-glade-803","2.1156096932514203","4.451719002541006","","",""
"earthy-sea-802","3.4277175619494997","2.6628317592705644","99","0.4631861028402331","0.05939749108332312"
"glamorous-glade-801","2.090889242304396","5.572939762621621","99","2.651797043968622","0.09046544202528836"
"efficient-darkness-800","2.384167192540855","6.406390239569032","","",""
"rich-field-799","2.77415437295786","3.377201617969579","","",""
"feasible-breeze-798","2.0220818360327497","3.0280880817113847","0","47.724983314258054","0.09125849399289226"
"neat-shadow-797","2.094496164246263","4.768874748240723","","",""
"firm-mountain-796","2.0538162418040073","3.2517076231670563","","",""
"dauntless-universe-795","2.4833115647085284","2.7311326271569696","1","1.693092864616468","3.874983159047071"
"usual-darkness-794","2.1053469166119005","2.2115235900269803","","",""
"desert-dragon-793","3.643331408236361","2.899041521944363","99","0.4530751960175765","0.057461773662805235"
"rose-firefly-792","2.730287368038551","3.384287970145937","99","0.4999865376145191","0.05112309142900336"
"leafy-eon-791","2.2668386021733724","2.2363348855259826","","",""
"misunderstood-sunset-790","2.1874097074993393","4.6661595887231275","","",""
"clear-firebrand-789","6.546913277017417","2.6203484485629884","99","0.4514111978162463","0.061776872897110105"
"zany-feather-788","2.726763795569566","3.794590776846763","99","0.5116286424353668","0.05288428011562997"
"jumping-forest-787","2.334275650601467","2.2633518969818787","","",""
"dandy-valley-786","5.5791266890761","2.596506631552505","99","0.4488417640462138","0.06326080409160065"
"comfy-glitter-785","2.889229422243638","5.58528393456841","99","0.6056140347013171","0.058293228196042886"
"ethereal-pond-784","2.4271371280171317","5.053360019826867","","",""
"earnest-cherry-783","5.203774754308475","2.436143865629056","99","0.4543841642241668","0.06296037355478656"
"dazzling-durian-782","2.988979291148545","5.715625478045299","99","0.5974430417951092","0.0530726314409348"
"peachy-totem-781","5.853968351767988","2.4211027248131853","99","0.4561224570009854","0.060260034409416435"
"graceful-shadow-780","2.3996599566752854","5.662245066256929","99","0.907744370793032","0.07946328506240544"
"celestial-shape-779","2.4998956191086266","5.538508490071829","","",""
"electric-snowflake-778","2.353858535631262","6.867406377536484","","",""
"rural-pyramid-777","2.053594999859205","2.7634112184448254","","",""
"classic-eon-776","2.5635062017011383","6.532264579068315","","",""
"crimson-waterfall-775","6.709811028624833","2.9902138636598425","99","0.4656259302680375","0.055014632547477"
"warm-feather-774","2.374856334542403","2.5471700182661596","","",""
"ethereal-firebrand-773","2.170312341396823","6.203048963027262","","",""
"dazzling-leaf-772","2.1545569402201017","6.8706167131364495","","",""
"drawn-sun-771","2.201596301876228","2.472419892347868","0","55.908785675774034","2.679217903556528"
"dashing-blaze-770","4.547517964586386","2.2800897371500746","99","0.4586657959063726","0.06690913893190292"
"silver-waterfall-769","2.992091167695312","2.3337958012440687","99","0.46252214457122853","0.07153770753376959"
"zesty-grass-768","6.693904842413097","2.8550997443306594","99","0.4556334895561861","0.05672334478932564"
"mild-pond-767","2.995040842080309","4.119235784936744","99","0.5393454704039454","0.05205241920403525"
"soft-monkey-766","2.202894827697098","6.810808251938367","","",""
"peachy-disco-765","6.740250036663676","2.2058766962045437","99","0.45886846002764303","0.0692329406215736"
"snowy-cloud-764","2.655675717079567","5.623541832617833","99","0.6918817229465314","0.05669626744742489"
"clear-breeze-763","2.8412507551873576","2.5084137660722456","","",""
"elated-grass-762","2.15172837657893","4.853550286938622","","",""
"robust-plasma-761","4.539135613353638","2.2508767072097307","99","0.4590807983419972","0.06670366219931026"
"vital-shape-760","2.787536762955174","4.930452220519309","99","0.6063455617476813","0.05673971044211716"
"daily-field-759","2.2235312974956236","4.881916708037594","0","7.087244649991261","0.10088322185337772"
"dulcet-night-758","2.561013756180853","3.6887089251747383","0","39.511389407628435","3.289104050122951"
"absurd-meadow-757","6.187236659545052","2.5963411435416894","99","0.450205503796618","0.06172000197763335"
"sunny-bush-756","2.9704585182700463","3.0925304642000744","99","0.4643542828660304","0.05377388806609798"
"likely-spaceship-755","2.266702121622985","6.1854491565481755","","",""
"fanciful-bee-754","2.240986403187995","2.2253774325736413","","",""
"pious-valley-753","6.6862608267327435","2.7573607514626928","99","0.4594371334372783","0.06052871007184439"
"giddy-smoke-752","2.9173131469520692","6.296190152805372","99","0.6202084590215208","0.05791123747095387"
"northern-monkey-751","3.037412277514913","2.806235411199447","99","0.45938974082104667","0.05842580887880888"
"ancient-flower-750","2.601386487627237","6.702772804910106","99","0.7208033385240656","0.057052637692525617"
"gallant-snowball-749","6.701855503387447","2.822952957388696","99","0.4562572779301906","0.057435680654157426"
"legendary-frost-748","2.290858723511599","4.644095551967354","99","2.651797013353182","0.0904654397967815"
"skilled-cherry-747","2.1806995199447368","3.806395581744831","","",""
"still-plant-746","2.300308441618752","4.414910103877801","","",""
"dry-tree-745","2.565120985305875","3.920006011397323","0","81.0279073361894","73.18936438364537"
"swept-star-744","2.1691433816667938","3.4431727291936474","","",""
"curious-yogurt-743","6.32959498240056","2.773218407208496","99","0.4530547339387993","0.06134928944000002"
"lemon-bee-742","2.77936564315247","6.571505932370507","99","0.6250797772619404","0.05507016948352931"
"sparkling-jazz-741","2.226621620896443","2.4306883278621405","","",""
"zany-sky-740","3.4245548684880767","2.0378150040222924","99","0.4836168404976176","0.0679258420873029"
"celestial-moon-739","2.6056449654682674","4.02574882826717","99","0.5943548005382298","0.05626704875633231"
"winter-firebrand-738","2.4468257738642367","2.0371204680968495","0","30.88499698207665","70.93606230523999"
"twilight-resonance-737","2.8770532150401644","2.0408101539435983","","",""
"misunderstood-blaze-736","2.299403624841418","5.518983021395071","","",""
"comic-field-735","4.919431638433696","2.4018569637560288","99","0.4518409469181422","0.06241535301504984"
"cosmic-puddle-734","2.3580587626047316","2.2228975720710578","","",""
"lively-dream-733","2.700965222350972","3.1581474430532968","99","0.4857259611914754","0.05319575551346338"
"scarlet-pyramid-732","2.030107399783952","6.924743477822432","","",""
"fallen-snow-731","2.0425463613981636","5.04873775856491","","",""
"ethereal-rain-730","4.55321899929316","2.526640621593949","99","0.45368378727129094","0.061017447871399025"
"laced-fire-729","2.9501286230874184","5.987441996548362","99","0.6138808627466424","0.05640955749118029"
"pretty-elevator-728","2.5625064881926995","2.675332900971477","99","0.4753484167195035","0.06347703901049936"
"northern-bee-727","2.5519918510518265","4.863068466935962","99","0.7269619687766529","0.05695958106942719"
"floral-sound-726","3.050604752278112","2.2269739474917514","99","0.468862529665062","0.06889635701479657"
"rich-lion-725","2.94735318118108","5.171350532718886","99","0.6031545622027726","0.05917949626298037"
"fast-aardvark-724","2.6713902788627326","5.701416854077648","","",""
"spring-tree-723","2.2169222958633337","4.9163507782310845","","",""
"whole-dust-722","2.1640190854527632","6.854661929870597","","",""
"dutiful-snowball-721","2.508687839203707","5.179427897416273","","",""
"helpful-sea-720","2.693407351519425","3.685029839577173","0","95.32981619618808","32528.580105524128"
"royal-dust-719","2.1849884847821204","3.663031762543008","","",""
"worthy-sun-718","2.0292262508810293","6.356065809413469","","",""
"crimson-bush-717","2.3462800449662424","2.700220247681582","","",""
"ancient-bird-716","2.008894574437234","4.8983461736058995","","",""
"leafy-cloud-715","2.7138767347267687","2.393026276940174","","",""
"breezy-mountain-714","2.293495215524832","2.450356320083473","","",""
"amber-totem-713","2.1965044629189556","3.661284582463383","","",""
"resilient-field-712","2.4860279027558594","6.380172605893324","","",""
"vital-surf-711","2.5660940387632536","5.591934073016466","","",""
"trim-puddle-710","2.3185668396307166","4.609328921808296","","",""
"stellar-flower-709","5.728191511492777","2.9225809136633716","99","0.4674273827407981","0.0559632182285929"
"silvery-puddle-708","2.9588699181482143","2.9945123939660987","99","0.46312283238483026","0.05295019884233962"
"denim-oath-707","4.201628695033129","2.549924461238555","99","0.4501727376319823","0.058982843529111165"
"atomic-jazz-706","2.7629123908518687","3.280439317017387","99","0.47653738499358583","0.05460524812246422"
"fluent-water-705","4.067644961513899","2.4776925401298087","99","0.4500396303175042","0.062400399936389926"
"peachy-shadow-704","2.7572684048905467","3.488001081602361","99","0.4857307318316559","0.05263512991036623"
"hearty-smoke-703","2.5671616994835125","3.4898634787422167","","",""
"scarlet-violet-702","2.501906042260886","5.335374495126361","","",""
"super-pyramid-701","5.8025801497161495","2.676011924667649","99","0.4504076580461095","0.06019653570286707"
"deep-darkness-700","2.755296567483303","6.315727321528576","99","0.6521349928613601","0.05706534811744454"
"rose-eon-699","6.017395445035765","2.3021701355790585","99","0.46465521994500875","0.06398875487722075"
"chocolate-wildflower-698","2.664203458643911","4.506579370871106","99","0.615406786309597","0.05792131918897894"
"brisk-sun-697","5.248205838179241","2.1606941820823353","99","0.4671285234104082","0.07222906365078255"
"electric-sunset-696","2.6924746365571997","6.503228053574436","99","0.6712135013207546","0.05705605864349267"
"fluent-salad-695","2.36931953788341","3.6606272572300633","","",""
"silver-morning-694","2.678008181559719","6.47330932659346","0","81.02568396697812","109.83435873039107"
"fast-plant-693","6.311158603771589","2.461210800418459","99","0.4527824885170599","0.06409694895672717"
"sage-waterfall-692","2.779470659302687","3.42227486274182","99","0.487871996344373","0.053263797686929154"
"drawn-sponge-691","2.6815963322524237","2.7271049146116915","0","92.9123731262336","831.2008828480862"
"bright-star-690","4.0042085430857295","2.094082184899195","99","0.46616908744995417","0.07531598371849721"
"vital-breeze-689","2.9316458625757797","5.483739620388517","99","0.6051310383845666","0.05309725350601731"
"major-aardvark-688","2.0530553855846825","5.68634162270953","","",""
"skilled-energy-687","6.337688311960836","2.490427656341484","99","0.4530702612321333","0.06287220057873114"
"dazzling-jazz-686","2.180117464236156","2.0722966036987307","","",""
"hopeful-silence-685","2.536237218123001","2.994797307174535","99","0.4808236700287776","0.05576890344936686"
"desert-dragon-684","2.2219049319727255","5.339368341736817","","",""
"confused-flower-683","2.1928418965219914","4.772680183588305","","",""
"glad-sea-682","2.7249283369138846","2.373079663687234","","",""
"lunar-darkness-681","2.5869312417770525","5.906034039836182","","",""
"bumbling-flower-680","2.610604778589338","3.634179384919169","","",""
"kind-puddle-679","2.264298352314527","5.282877691416629","","",""
"cerulean-fire-678","2.8212696329864","2.208494353523982","","",""
"colorful-microwave-677","2.076008589708141","3.723735653394384","","",""
"pious-cherry-676","6.707509984240343","2.6762418206710747","99","0.46131099578643014","0.05876869271800055"
"lyric-fog-675","2.475043936217024","6.728495675449086","","",""
"sandy-forest-674","2.2334662585207092","5.851176232299366","","",""
"ancient-monkey-673","2.590726041187387","5.231054444288764","","",""
"avid-wildflower-672","5.3625681883083125","2.181094834707372","99","0.46323485148160864","0.07286904395960146"
"golden-violet-671","2.727212406512972","5.271991448150716","99","0.6572212268959224","0.05840893225905355"
"rural-brook-670","5.914745820524338","2.911014806763597","99","0.45928487244987937","0.0587462329070555"
"easy-disco-669","2.597478042447591","5.96318018483948","99","0.663595716633581","0.0635459390201541"
"cool-jazz-668","2.7989451706110877","6.819596299428391","","",""
"treasured-bush-667","2.543003186189984","3.3283436707915026","0","6.06017091775835","4.475982034684621"
"atomic-sponge-666","4.151517635186785","2.636754848467363","99","0.4521196311668856","0.0597069752056109"
"electric-smoke-665","2.7309679393853123","2.037436542099172","99","0.4841888777407703","0.07126523550166382"
"rich-sponge-664","6.594640270943849","2.5645812018069116","99","0.45480009080917055","0.06450691049324313"
"morning-morning-663","2.9659149664222846","4.422477987862442","99","0.5654920451573983","0.05360101806930735"
"jumping-sponge-662","2.4105939902324423","3.557156656158721","","",""
"cool-glade-661","2.3467727979282036","2.512706037533674","","",""
"expert-bird-660","2.4853099830056227","2.8887799228001727","","",""
"pious-cherry-659","2.437884225827329","4.454451370858807","","",""
"deft-terrain-658","4.551660973841061","2.5369361085765476","99","0.45367601069306573","0.06148393511804873"
"daily-valley-657","2.5508556986899764","3.2506557545320742","99","0.5024210379332333","0.05715717318578714"
"visionary-dream-656","2.187392117015542","3.223411539343775","","",""
"glorious-frog-655","2.2803653540772992","5.104060303766078","","",""
"confused-wind-654","2.207217084698674","2.9271481877753245","","",""
"dutiful-forest-653","2.6312961717100256","2.203377481742798","","",""
"dandy-dawn-652","3.63695617134426","2.2239662807898077","99","0.4615477445556032","0.06545404975565028"
"helpful-meadow-651","2.9404760125368896","5.232889690198959","99","0.5981765561713319","0.0580732173880974"
"lively-night-650","6.459088106676498","2.3274069995933377","99","0.4545639468362158","0.06577661509071228"
"sweet-snowball-649","2.765873658914231","3.1559904906572847","99","0.46928676057448104","0.052906891682898013"
"expert-spaceship-648","2.377801622745325","3.8617095940329422","","",""
"dazzling-sun-647","2.564400016274635","3.6470193786563616","","",""
"stoic-donkey-646","5.818624378626053","2.0756498654412794","99","0.4722162470945204","0.07015852061573476"
"dazzling-tree-645","2.8353552061673404","2.7623515025464114","","",""
"solar-sea-644","2.984855169627916","3.205745831513288","99","0.4656779888043104","0.050787986816338906"
"earthy-cosmos-643","2.628971478646271","4.648431281461697","","",""
"snowy-moon-642","2.3187714608392263","4.980645695467393","","",""
"rose-salad-641","3.5039584221312214","2.7178491183749234","99","0.45167239282836774","0.061013175121995125"
"stoic-frog-640","2.60106645367138","6.194415637813712","99","0.7600019562365515","0.059448699403397934"
"confused-night-639","2.2898336028704387","3.607241551977625","","",""
"charmed-lake-638","6.0394012593310755","2.4339397036458603","99","0.4545068411532984","0.06296776825836309"
"divine-feather-637","2.641868344615784","2.934199572379058","99","0.4823692823908439","0.058317021134044945"
"celestial-plant-636","2.1858107608203174","4.941055245668103","","",""
"sunny-blaze-635","2.2813154332111902","6.463489530764343","","",""
"vivid-surf-634","2.6413500252039945","2.1948966942598207","","",""
"dazzling-hill-633","2.8888117280952654","2.689859808674494","0","40.00895336054253","6.547211638059373"
"expert-fire-632","2.5306479840098404","6.925110671716439","0","37.343363495551024","120.66805104795893"
"light-fog-631","2.1926847491277597","2.8726357656130848","","",""
"fanciful-paper-630","5.959234110148705","2.2184412441890924","99","0.465794350721782","0.07239066123991988"
"royal-rain-629","2.686928025880748","2.861899949136464","","",""
"sparkling-breeze-628","2.969580107619381","2.6519540098540864","99","0.4717196960353918","0.05848221909392965"
"autumn-snowball-627","2.178363340491784","4.623573747106732","","",""
"iconic-leaf-626","3.467558327697243","2.847024037771372","99","0.4536084121076315","0.05464633772905802"
"smart-wave-625","2.6142047092254654","3.4328741419426425","99","0.4972987455437271","0.05429322142315536"
"floral-lake-624","2.0048104270964036","4.921359422774499","","",""
"major-yogurt-623","2.6101324614584827","2.822831123885037","0","46.110784955396134","21.604555254282765"
"denim-star-622","2.7275529183071976","3.0020706705172797","1","14.327299397554908","41.31174612061041"
"dazzling-voice-621","2.811814839732505","2.7266510346575563","99","0.4676361765309508","0.060531716144713074"
"celestial-shadow-620","2.9290141362299766","3.904643880184403","99","0.5094610380262738","0.05064178835575164"
"solar-forest-619","2.724918690310282","5.215388034952668","","",""
"good-pine-618","2.792977671016133","2.063142197844459","4","1.1733934667533408","0.13958800872887547"
"sparkling-frost-617","2.570824687706018","3.6934890792768345","","",""
"lively-capybara-616","5.935541165276922","2.542547898874217","99","0.4524072648475821","0.06536568467179985"
"unique-valley-615","2.7283957711832674","6.67846166693262","99","0.6375698752965129","0.0580367507830434"
"rare-star-614","2.1400841535375466","5.659459977610365","","",""
"daily-sun-613","4.1059228909916055","2.3497029925109","99","0.4546936085781552","0.06564401125400529"
"different-monkey-612","2.592982231216231","2.8439208311576314","","",""
"lyric-sunset-611","2.996542610333778","3.731686867308805","99","0.5070487215405782","0.05306959379076267"
"daily-wind-610","2.197262345175907","4.987797918025233","","",""
"golden-elevator-609","2.3193954421508955","6.90940493479105","","",""
"crimson-durian-608","2.241526508814594","3.97359724226936","","",""
"desert-vortex-607","2.248238338467004","4.089287717273439","","",""
"light-glitter-606","2.01250745132091","3.905658399241892","","",""
"blooming-water-605","2.012998822638452","2.296305165852477","","",""
"stilted-cosmos-604","2.375096845396423","4.274669848554173","","",""
"prime-dew-603","2.208987048130787","6.158193731850691","","",""
"graceful-brook-602","5.893978228653644","2.535165726467102","99","0.454358845729964","0.06105638531125298"
"glowing-breeze-601","2.978491050747956","6.198055922665146","99","0.6194947249240522","0.05748055524501873"
"classic-shape-600","2.738018806478318","4.237992116012574","","",""
"feasible-firebrand-599","2.3409637792999898","3.518492240044107","","",""
"restful-firefly-598","2.8602570762599338","3.2562430152725437","","",""
"pleasant-dream-597","2.219718425541732","6.035160692150414","","",""
"solar-darkness-596","2.222377127081366","4.215905867138025","","",""
"lively-sky-595","2.1428228252818338","6.669932878261344","","",""
"resilient-fog-594","3.89113351638823","2.0492383405186065","99","0.46855188425385","0.06489903972733051"
"leafy-sponge-593","2.85416161029417","4.424336736128373","0","15.612666633518142","154.0521365758093"
"logical-cherry-592","6.048642691952215","2.705823990393763","99","0.4573183783564528","0.05572262100475584"
"sage-sea-591","2.8234187840756424","3.318268744723217","99","0.47901210656050786","0.05156609850564854"
"unique-firefly-590","2.876842838544581","2.674878367635081","0","75.90188849299095","7.167189133421484"
"glad-surf-589","2.179198900931155","5.3951126421026245","","",""
"warm-hill-588","2.873593944587141","3.1034745370605337","","",""
"fragrant-sponge-587","2.0908215584390617","5.758523817753898","","",""
"distinctive-totem-586","2.1908777308189578","4.373976142472291","","",""
"stellar-shadow-585","2.852517037017833","3.9633232814738664","","",""
"woven-meadow-584","2.0758424674192835","2.8111258665152055","","",""
"expert-violet-583","2.571315400219472","5.417704718581925","","",""
"lucky-snowball-582","2.353457587407688","6.638526932435697","","",""
"blooming-sponge-581","5.296707851313748","2.2559405941550765","99","0.45632895678375024","0.06707891784026213"
"floral-valley-580","2.631057908276624","2.0373393464492104","","",""
"sage-flower-579","2.1724339929316843","2.5045207044679936","","",""
"ruby-frog-578","2.5863743319232473","5.43493615264075","99","0.7080575849183851","0.06107140590978265"
"fresh-water-577","2.747889832737263","2.6817269169586755","","",""
"glamorous-grass-576","3.679867776188859","2.8672725322869916","99","0.4545134524277325","0.05778777882390078"
"gallant-durian-575","2.598189550490579","3.779254792700276","99","0.5427924880128895","0.057118449897400704"
"tough-forest-574","3.642079188790491","2.598007598588348","99","0.4501105322969475","0.05742733016579578"
"graceful-thunder-573","2.7009555311795723","2.417390562058524","99","0.46533552603363343","0.07244903574492537"
"breezy-microwave-572","2.1583543513626537","4.734503498660796","","",""
"soft-oath-571","2.010441050839876","5.757042939396975","","",""
"warm-resonance-570","2.57805665768838","5.007153288859646","","",""
"peachy-night-569","2.3526825042907293","2.007418645401047","","",""
"rural-firefly-568","2.3393909981765466","3.473633958383403","3","1.3971469990968013","10.211002961699"
"ethereal-resonance-567","5.540946927611532","2.756696907801677","99","0.4545023576977303","0.0597113431343417"
"efficient-terrain-566","2.5026211686774253","2.0507867179350647","","",""
"wandering-jazz-565","2.6268841368041964","5.701985868279259","99","0.71985910649852","0.05486029846824811"
"tough-sunset-564","2.1434239806087056","6.354689770335954","","",""
"giddy-yogurt-563","2.2316583247469666","6.131817445088489","","",""
"ethereal-surf-562","5.109297038789736","2.072751178957986","99","0.4680802964318161","0.06748036649447856"
"fast-shadow-561","2.879995709305646","2.131933545760324","99","0.4748151087466163","0.07141884466621427"
"hearty-water-560","2.495956627056656","6.14536077286251","","",""
"rich-bird-559","3.2415191693392877","2.6950765200398887","99","0.456944899463198","0.058919849263098005"
"earnest-monkey-558","2.1200429055479857","2.8924621033879756","","",""
"stoic-jazz-557","2.736561826061525","5.781197924241441","99","0.6503220158713434","0.059064064488355064"
"spring-energy-556","2.6333126742935704","2.1782568650372163","99","0.47055255064066254","0.0670766862920939"
"trim-durian-555","2.9087905385948623","5.753451767898461","99","0.6106632598524694","0.05222484395893491"
"dainty-gorge-554","5.149672224604208","2.4911591003680633","99","0.45336397872567513","0.06437820861670543"
"morning-dragon-553","2.6355824134147356","6.56614665639601","99","0.6594956386131786","0.0560510630409329"
"silver-grass-552","6.975733063348008","2.657241550387252","99","0.454782122451758","0.0580793386367003"
"olive-silence-551","2.8235791757834185","4.219146226102388","99","0.5655109813227207","0.053209401202327186"
"dry-dust-550","2.4877023417330806","4.306728927336909","","",""
"icy-salad-549","4.0797276844501615","2.3524574596772085","99","0.4544056180217581","0.0673199672177097"
"skilled-sound-548","2.6977138151947404","6.237042840064519","99","0.6665776407275155","0.056278735223789005"
"classic-glitter-547","2.152952624773395","6.167873747615484","","",""
"brisk-cloud-546","5.362638236757212","2.0067933427070948","99","0.46857926874566547","0.07941836994488707"
"jolly-snowflake-545","2.150871386628011","2.541626258029218","99","2.651797025526553","0.09046544202539523"
"super-voice-544","2.295840736919475","6.737496019707223","","",""
"genial-brook-543","2.0017034223553036","4.179832847161135","","",""
"apricot-planet-542","2.0065497309436244","3.420547101925499","","",""
"northern-snowball-541","2.7407352871816952","5.592100787318373","0","37.98318083338906","8.835669777028444"
"fancy-hill-540","2.205998573342047","2.4457959955682966","","",""
"firm-dew-539","3.0258988024726556","2.383046335347381","99","0.4618013674310986","0.06446315532853886"
"super-eon-538","2.2746553728542116","2.9301777214330995","","",""
"bright-galaxy-537","2.382324495393945","4.596854856866197","99","1.047412826568059","0.07274082865238607"
"prime-sky-536","2.2212886516089","4.370407753583184","","",""
"grateful-silence-535","2.4377941337935267","6.80102556876083","","",""
"glorious-rain-534","2.1792258451994635","6.765372838027206","","",""
"autumn-blaze-533","2.508572321464159","4.71096101895278","","",""
"earthy-gorge-532","2.0914276642423304","4.115635020162019","","",""
"robust-planet-531","2.2112033102539845","5.6124900942663745","","",""
"different-sound-530","2.3398079968226986","4.044829725552995","","",""
"vocal-water-529","2.8749227573718508","4.3563626651929495","","",""
"true-morning-528","2.4750538339221646","5.8140567276446635","","",""
"colorful-puddle-527","5.747279393132345","2.3106737787533107","99","0.4577585188743356","0.06333544980143792"
"visionary-glitter-526","2.288903011089221","2.321481084620293","","",""
"bumbling-pond-525","2.8125105517093516","3.72837553772582","99","0.5070219165267021","0.05352813919148561"
"woven-silence-524","3.589224871533536","2.2792744740456135","99","0.4531995970514725","0.06795060200006403"
"gentle-meadow-523","2.910984805984202","5.990943066281118","99","0.6203807512193104","0.053630302047604536"
"frosty-lion-522","2.6650365436223886","2.82981970455198","","",""
"fallen-pine-521","2.3695270159014994","4.309296496917929","","",""
"unique-bird-520","2.4225705148970955","3.0883057470339224","","",""
"young-sponge-519","2.5326668981300564","5.320995281915228","0","69.29598658343772","47.12737863865517"
"ethereal-wind-518","2.347388096588801","6.88675716020168","0","74.99085092245215","35.12217685953687"
"crisp-hill-517","2.8299299077216595","2.5567508909563323","1","76.46318230029033","2730634.956647498"
"lucky-sound-516","6.04186131302298","2.8019631568658867","99","0.457368874541027","0.05777274761988395"
"distinctive-dream-515","2.989541366717912","2.834569265316851","99","0.453146464896828","0.05570606903203397"
"rich-sunset-514","2.6616708881043603","3.9844279220150702","","",""
"eager-yogurt-513","2.299525569035911","2.23199129752925","4","1.8841150933462496","0.08855558173764204"
"daily-waterfall-512","2.530376965800013","2.330633222524361","","",""
"electric-terrain-511","5.922023123330895","2.0353447502205473","99","0.4816999140690901","0.07227630264389616"
"wise-feather-510","2.7876378338208356","4.3162531193949","99","0.5598485503775712","0.05990730111951112"
"copper-bee-509","2.1975510834511347","3.3095248537909736","","",""
"fanciful-music-508","4.348117840332305","2.382817491471546","99","0.4487811209329944","0.06542627405003201"
"earthy-dawn-507","2.2590621653708607","5.675415493903979","88","2.5616239357831714","0.08719176199200626"
"balmy-sun-506","2.7763374970895764","3.512840003259579","0","86.89745027667375","11.223469043614818"
"grateful-frost-505","2.5125650885214834","3.0358796507458052","0","71.52998615650553","337.8544141351972"
"feasible-mountain-504","5.0543075450343515","2.32802480177873","99","0.4548047679322535","0.06813907108363525"
"charmed-microwave-503","2.9155789077835914","5.701527259536775","99","0.6211688864998799","0.05417160388054531"
"zany-rain-502","2.0019993751277068","4.087493795913574","","",""
"summer-planet-501","2.7085121274205757","5.258076499064321","","",""
"crimson-voice-500","2.7395356115586744","5.007426219728822","0","85.38946672958822","0.8837713547708841"
"icy-water-499","2.391847316661063","4.765249914567525","","",""
"absurd-aardvark-498","3.2046940231401377","2.9481373198805803","99","0.455366598846774","0.05355972445145776"
"neat-dragon-497","2.413777460406881","3.391249881839012","0","69.6655284600753","197.95930501642863"
"exalted-capybara-496","6.369635632614513","2.981941581313015","99","0.4626849647982059","0.056580556467108425"
"splendid-oath-495","2.983272111847606","2.684620532707135","99","0.4563331460487055","0.06484779521760525"
"flowing-field-494","2.307841069268423","5.32751388469938","","",""
"lilac-bird-493","2.0293124211687075","4.16750873808215","","",""
"copper-glitter-492","2.2676543023378253","3.049277574129884","3","1.545587136287455","3.720453716201976e+61"
"leafy-flower-491","2.8003673403483464","5.167445932537497","0","60.3418387173977","9.744796329445544"
"polar-voice-490","3.317162103628931","2.995396528828704","99","0.4625478550297589","0.05552412975341757"
"copper-cherry-489","2.9269675770863017","4.107062978527706","99","0.5430281675526716","0.052174036050029966"
"tough-valley-488","5.529798325939142","2.845410490268766","99","0.4564485990323385","0.057835525554515495"
"feasible-fog-487","2.975983918412943","6.448994768176103","99","0.6144468552729883","0.05556357979876399"
"glorious-dawn-486","2.1268418037064114","3.793600516315167","","",""
"dulcet-glade-485","2.3369987623304844","6.347789940794311","","",""
"quiet-bird-484","2.8680118847975673","4.956906323535296","","",""
"balmy-voice-483","2.34820759487106","3.2255118512562624","","",""
"fresh-cosmos-482","2.033495682886659","3.377737202927008","","",""
"whole-armadillo-481","2.230498996216002","2.4618310407691792","","",""
"visionary-pond-480","2.0595161708488807","5.8874154441663205","","",""
"zany-deluge-479","2.6787098007265553","2.387802911926027","","",""
"clean-butterfly-478","3.8775707165571607","2.148775466654002","99","0.4586994841398044","0.06865726360482177"
"sage-smoke-477","2.8185656717897376","5.534679663151178","99","0.6259971109988707","0.05569176169596882"
"glad-terrain-476","2.4189504944184668","3.8830161723350822","","",""
"zesty-smoke-475","2.2746001910564417","2.8968663896418043","","",""
"northern-glade-474","5.79946676352851","2.4232038294168516","99","0.4557633574237928","0.06621308707271323"
"jolly-mountain-473","2.7742938044034116","6.8678331906651415","99","0.614982532026363","0.05397836015079245"
"fragrant-leaf-472","2.0337519725147213","3.2478426204637616","","",""
"hopeful-bee-471","2.6160118191808097","6.076652903945865","","",""
"distinctive-paper-470","2.0328717815738457","2.5276848729663475","","",""
"graceful-armadillo-469","5.534737230413857","2.591196614820026","99","0.45857341514793226","0.06285220074930295"
"golden-frost-468","2.2992442849999035","2.93017278402948","","",""
"amber-cloud-467","2.7497107720196956","5.358501420420145","99","0.6227440709327351","0.05923469965161419"
"floral-flower-466","2.8790690374833474","3.0477229303776925","0","56.49786467573555","697.0851876395541"
"sandy-sky-465","2.048747257896849","3.9788714793256776","","",""
"happy-plasma-464","3.0431630246929076","2.7641391333491825","99","0.4579385153448399","0.05900184562421062"
"swift-snowball-463","2.784456297099938","4.891992505246916","99","0.60663798225702","0.05582306537329064"
"azure-energy-462","2.794140247035873","5.6641012877744386","0","17.543455315473494","36.690618778949286"
"crisp-monkey-461","2.025624727044357","4.710337920780349","","",""
"copper-pine-460","4.958400246090832","2.335576632780939","99","0.45566983828891416","0.07130648922179837"
"dark-shape-459","2.0793668590402423","2.03640341713795","","",""
"deep-waterfall-458","2.9371121349548064","5.367294339588122","99","0.5959002550735731","0.05256130003153401"
"snowy-night-457","3.2952909032168165","2.374420704191648","99","0.4557969302572156","0.07532145980457619"
"driven-glade-456","2.7327974308776986","5.308467292549536","99","0.6616733242367102","0.056873859263137705"
"wobbly-sun-455","2.3130406120212204","4.160666314140396","","",""
"apricot-water-454","2.0925775296552995","2.5353118028838737","","",""
"celestial-violet-453","4.207000083778506","2.9523830177512367","99","0.45284275951736275","0.05378698689404213"
"fresh-cloud-452","2.847787145545855","2.0072783089475386","4","41.88561881954165","84.27589071726098"
"denim-night-451","2.6391263409805714","4.3878040475208335","99","0.6031083812148189","0.056556444060036695"
"misty-darkness-450","2.836341129907045","4.383222197889156","0","28.838919173474647","234.11551332457023"
"dulcet-fog-449","2.1952682772713628","5.917257047063176","","",""
"absurd-waterfall-448","2.113182474793311","4.610355499432303","","",""
"colorful-universe-447","6.039106714482879","2.900225171832869","99","0.45596883089835094","0.05628046382670075"
"vibrant-donkey-446","2.810133921081058","5.6926518260698025","99","0.6157028450981706","0.05739514959006374"
"true-smoke-445","2.709573833495473","4.588660837954311","","",""
"laced-frog-444","2.3848597449276743","2.9898288935915733","1","2.034393994089605","96.8747283700766"
"different-serenity-443","2.5242834304070816","2.6411348364597744","99","0.48677451197475113","0.05893475967559061"
"stoic-eon-442","2.896526860726742","5.073571277469071","99","0.5967221921163228","0.05393779279018783"
"snowy-brook-441","2.299635902147779","4.185387750455931","","",""
"drawn-plasma-440","2.807588921236921","4.895348138028998","2","78.01589229514992","8.561132689792151"
"cosmic-rain-439","6.302029490373865","2.072825546734594","99","0.46807292148332624","0.06600769986533264"
"zesty-darkness-438","2.90857662315986","6.234192190024432","99","0.6321903840554697","0.05508339694578026"
"earthy-monkey-437","2.6608905876940323","5.758866049891232","1","54.28203117540867","0.8083516080926143"
"lilac-dream-436","2.71299940525296","5.424170626556085","","",""
"earnest-glade-435","2.55943646481429","4.6385360555470445","0","16.357251837124736","18.276561143096863"
"divine-wildflower-434","2.531938335081128","3.106946072099857","0","56.23457290928135","81676.60880215887"
"valiant-rain-433","2.0858309671121704","6.873774734020527","","",""
"dark-firefly-432","2.006299444022639","6.960040595834574","","",""
"feasible-butterfly-431","2.6243641085931375","2.853809112398796","","",""
"cosmic-field-430","2.194257452432555","2.471333047115894","","",""
"fragrant-cherry-429","4.259994796806955","2.698036371189121","99","0.4515607240799238","0.059964457381591105"
"stoic-paper-428","2.6914812884897454","2.002862571907595","99","0.4845459111513592","0.08379800050764505"
"super-dawn-427","2.308935862223791","3.027270343005502","","",""
"fragrant-serenity-426","3.5563852098285076","2.8598634958912763","99","0.4556458091267171","0.054759692755579056"
"crisp-sponge-425","2.8954068713538015","4.735181024506604","99","0.5963404201269001","0.05652738448349025"
"royal-sponge-424","2.2904617051845095","5.515841697202793","1","2.4624776763997325","0.08133422530725956"
"rich-mountain-423","2.121524912149682","5.513286539797525","","",""
"ethereal-hill-422","6.631593799615063","2.120963129954064","99","0.4696832204793968","0.07096893716372388"
"woven-bush-421","2.7354066481292603","6.345095858989843","4","83.80815128459123","1255.5787622760242"
"fragrant-grass-420","2.7329833984425673","4.547745064613418","99","0.6120097809098021","0.053176292788842255"
"dulcet-jazz-419","5.779917438162006","2.740242806566399","99","0.4550420815313149","0.058504221765478946"
"worldly-surf-418","2.2311240627742204","6.529691588483999","","",""
"scarlet-blaze-417","2.6006880205682763","2.0049543609792906","","",""
"desert-universe-416","2.1787834960972177","4.326486213412201","5","2.5610947771760264","0.0964654353547174"
"lyric-plant-415","2.3111694988879807","5.420433370091457","","",""
"fiery-capybara-414","6.722594651019412","2.614435458052254","99","0.45040088520103855","0.06335970452170442"
"gallant-silence-413","2.4387496294864266","4.130410180682548","99","0.6840834871506424","0.05596660948182131"
"light-mountain-412","2.767729416221276","5.733219554365001","1","83.05950318892685","5.745180128147276"
"lyric-wildflower-411","2.337507428297767","5.105847978983355","","",""
"glamorous-monkey-410","2.3471745316557566","5.234224829258275","0","20.809776167686007","3.2870860475266745"
"apricot-hill-409","2.6029660191203794","4.994669644045043","","",""
"fancy-sea-408","2.877973187596228","2.3672280886394956","1","94.34040649323322","412.9269104921783"
"dandy-serenity-407","2.1998914153545783","3.8756167500933025","0","10.900676233059771","244.94297539658857"
"generous-dawn-406","2.438708938001198","3.4257767966522703","","",""
"quiet-valley-405","2.013274230082447","5.260269212980927","","",""
"lemon-armadillo-404","2.5165605575068746","4.038685147313956","","",""
"vocal-silence-403","5.4732828251801715","2.4268236757504584","99","0.45833385012694855","0.07226667646809616"
"kind-morning-402","2.6187365260497035","5.391981340233862","99","0.7094791640134911","0.05527769471404122"
"ethereal-darkness-401","2.4218631891799447","3.9336596763554814","","",""
"fancy-bush-400","2.0662073571031407","4.547990032745677","","",""
"true-totem-399","2.2474276282984453","4.203316833256459","","",""
"fallen-elevator-398","2.6239383278219255","6.353525038944903","0","17.71701912181906","13568.622783413448"
"exalted-snowball-397","2.310474707714542","5.986577636258051","","",""
"absurd-spaceship-396","2.4558190607306","5.003501581757588","","",""
"flowing-wind-395","2.705213662105948","5.367968190840897","","",""
"crimson-lion-394","2.5595041388679443","2.200055487767521","","",""
"firm-pyramid-393","2.13602037073252","3.0607368102918224","","",""
"electric-waterfall-392","3.3601666330428763","2.7388038420580583","99","0.45354179239900233","0.05764787524433114"
"resilient-snowball-391","2.803826565946693","2.861286354533111","99","0.47030971063176114","0.05823969877294688"
"effortless-blaze-390","6.80424582174007","2.0561196375526096","99","0.47233644760549626","0.07203207420652939"
"earthy-sea-389","2.289829747963959","2.8537244972325624","","",""
"fresh-bee-388","2.491593945131969","5.917274321060498","99","0.8115994648626007","0.059922414256580674"
"lively-terrain-387","5.956829868075852","2.8645026600047983","99","0.4536774853881619","0.05782290401604809"
"cosmic-dawn-386","2.652672589671475","2.8957879745497443","99","0.4836923962098318","0.05785487552201708"
"lunar-mountain-385","2.607854961355405","2.3249388718995485","","",""
"legendary-wildflower-384","2.4647650600073328","5.802587361367484","","",""
"splendid-wind-383","2.528585678822809","6.183648892849062","","",""
"rare-star-382","2.131103405026458","3.1495359028297876","","",""
"amber-pyramid-381","2.327924609164188","2.5898073301769653","","",""
"comic-waterfall-380","6.145268453164591","2.463230816880692","99","0.4570326410652109","0.06562394051632389"
"stellar-star-379","2.0265529151757966","2.801089142030828","99","2.6517970433446765","0.09046544202528949"
"skilled-salad-378","2.7729113713717424","3.675089725460543","0","45.1379356334975","28.413825158844148"
"crimson-shadow-377","2.868030116639205","2.0233220203855353","99","0.47813972036967545","0.07165768115969354"
"scarlet-grass-376","2.72712213155914","6.318054990011338","99","0.6555735861626205","0.06070737441501049"
"elated-resonance-375","2.6048865109700685","5.32946101901228","","",""
"easy-bee-374","2.592960726491154","2.164695516165952","","",""
"glamorous-dew-373","2.492703588104705","2.077382766490684","","",""
"hearty-lake-372","2.1059289969840544","5.837575897269285","","",""
"fluent-elevator-371","2.552934697349189","3.7617175229088806","","",""
"dashing-plasma-370","2.8767479250882335","2.743853057203868","","",""
"lilac-rain-369","2.804002301011174","4.844328179389867","0","28.156064201207816","21.769644757168372"
"royal-sunset-368","5.80415350685539","2.6844060581212905","99","0.45217563524137383","0.05961494106150865"
"copper-elevator-367","2.7883033632686525","3.725425030241195","99","0.5036774711204444","0.05421567949676227"
"dark-firefly-366","4.233047144343255","2.7460439132517167","99","0.4548921949119524","0.0558596618248095"
"tough-plasma-365","2.049294573199577","3.998037884590633","99","2.651797043344658","0.09046544202528951"
"eager-wave-364","2.230680645091538","4.065294935076708","","",""
"wild-pyramid-363","2.7475850007882716","5.72053133235795","0","56.853962074684674","9.173422605247104"
"icy-pine-362","2.0552490877378133","4.741079596553368","","",""
"swift-lion-361","4.91077555393066","2.5999030336246567","99","0.4527134262047504","0.06112808610968212"
"fanciful-thunder-360","2.9440409421466978","3.6893120484521926","99","0.49807247357805623","0.053019118638432776"
"sandy-grass-359","2.48022016410039","4.722323993725485","","",""
"firm-cherry-358","2.1228127987852656","6.4194183882272196","","",""
"still-plasma-357","2.5172687655006185","3.2567836271260724","","",""
"distinctive-forest-356","2.7037453604031607","2.5353198748268144","0","19.116259611823775","1174.6986938911036"
"brisk-deluge-355","3.8388270472395414","2.3003723664040137","99","0.4526722668383033","0.06425311184426878"
"icy-dragon-354","2.091426691817869","5.0483709859324195","","",""
"volcanic-valley-353","2.3757535628198783","3.0749955780598333","","",""
"playful-salad-352","2.516908240174416","4.161241380662927","","",""
"lucky-haze-351","6.466741757195601","2.496278911979698","99","0.4499143384477872","0.06258044731969535"
"visionary-salad-350","2.933353350804395","6.874279320274092","99","0.6197169944112331","0.06071764961509714"
"gallant-energy-349","2.491654168894595","2.625183629888152","","",""
"polished-spaceship-348","2.4723612277444103","4.373815723753126","","",""
"vital-dew-347","4.144655741834069","2.806901631817118","99","0.452445216812634","0.05791368769320478"
"autumn-sun-346","2.9511598000164856","6.80703482337023","99","0.6207605051907409","0.05708741973428118"
"daily-breeze-345","2.088217634107844","5.260482977178169","","",""
"stellar-dust-344","5.68106455633284","2.027997741775089","99","0.46669214273621445","0.07624251836834793"
"flowing-aardvark-343","2.933415496921654","4.305899024594301","99","0.5729915658727008","0.05419983283240786"
"skilled-snowflake-342","2.2890536408234654","6.421146458374799","","",""
"faithful-hill-341","2.24291072004765","5.127435105077106","","",""
"prime-wave-340","5.5105728685215265","2.4580007187296156","99","0.4554151628090687","0.06108243618487465"
"generous-bush-339","2.900941906224361","6.776180681940787","99","0.6092762635270131","0.054189172279948544"
"azure-sky-338","2.5294027624967015","3.6741416584656705","","",""
"lyric-serenity-337","2.3740667062401064","5.5218183378194805","","",""
"wobbly-cloud-336","2.6205399903466557","5.880917776369577","","",""
"vital-dream-335","5.579644764347645","2.561424329441318","99","0.450685399453001","0.06778880805609322"
"volcanic-surf-334","2.7805187249592693","6.071657143008923","99","0.6237679096071347","0.052551449333078655"
"stilted-darkness-333","2.4265574400418584","6.55285562000477","","",""
"blooming-blaze-332","2.0092544211805725","4.4349730690484215","","",""
"fearless-breeze-331","2.3867586729764843","2.4826243644415613","","",""
"spring-firefly-330","2.4863977226260556","3.769784029464648","3","1.4231598171713693","0.9805707358477124"
"apricot-terrain-329","3.9814744305593313","2.5144645406853803","99","0.4536749711751365","0.05864590794003404"
"serene-meadow-328","2.9121102160067966","4.406235208203471","99","0.5503969703047122","0.053062745444867415"
"sage-salad-327","2.657997442784774","6.831716155559066","43","0.9357808654915628","0.05178488561112739"
"playful-pine-326","2.7116517623299226","4.514873202827623","","",""
"colorful-violet-325","2.2188359773877315","6.391592805929248","","",""
"dainty-pyramid-324","5.1981054601350944","2.402430559020239","99","0.4557856110204964","0.06481141830346007"
"solar-vortex-323","2.8937934841523036","5.199558483660905","99","0.6012566640261235","0.05208985729010436"
"fanciful-aardvark-322","2.134676587242705","3.8351172391792887","","",""
"radiant-dragon-321","2.358642766270205","4.3643302814389155","2","1.6544025241091622","173.0857970403026"
"true-star-320","2.21708026078659","2.831129047387658","","",""
"glorious-water-319","2.3446319370023976","2.6261560999170683","","",""
"resilient-brook-318","2.130714618477206","3.2181722358391385","","",""
"fast-dust-317","6.464155838172631","2.6181695596924115","99","0.452368847454617","0.059398188731045194"
"worthy-eon-316","2.7907611490459967","3.313739991814912","99","0.4750532668167593","0.053258392845849406"
"denim-oath-315","2.8466440783737825","6.355488244792073","0","28.238988924495185","17211.798924820738"
"dutiful-aardvark-314","3.79631524972347","2.379880651013442","99","0.4534858539567222","0.06303874233781129"
"apricot-snowflake-313","2.595817422048583","5.247449558772516","","",""
"leafy-wind-312","5.355584419474678","2.385853930157356","99","0.4688138917276992","0.06498346829426858"
"earnest-puddle-311","2.8409423922305996","2.984522169089911","99","0.46937632991478384","0.05505535871354993"
"resilient-field-310","6.131103045200036","2.402610920380405","99","0.4533354197322894","0.06392419403404842"
"divine-shape-309","2.9628875540759103","5.660306069002462","99","0.6038141749088319","0.05374524499537729"
"soft-wood-308","2.496415939930269","2.0344746686098","","",""
"gallant-monkey-307","2.100540735235481","2.1349438468903217","","",""
"splendid-voice-306","4.590522451287578","2.78840666491675","99","0.45131735062759376","0.05796951040960445"
"volcanic-cosmos-305","6.425478818779194","2.6891369292754383","99","0.452041443428682","0.05787743035767671"
"comfy-firebrand-304","3.0556804561366544","2.391030948435331","99","0.4597242032479069","0.06921378018373112"
"fluent-plasma-303","2.2701710487385705","2.5679606315909984","","",""
"misty-sponge-302","4.386389530004635","2.3410663084177","99","0.4526018121516309","0.06266935897365389"
"vital-aardvark-301","6.758361869756049","2.702386129425384","99","0.4587711239923243","0.06001034395294566"
"glad-bee-300","6.897787350404979","2.4515667532933083","99","0.45854434271646977","0.06394522772317252"
"curious-water-299","6.432178943612765","2.0976649441225006","99","0.4671520574176897","0.06933250630540067"
"honest-snow-298","5.475057292889128","2.0198065861288197","99","0.4773388664437008","0.07150562392175364"
"silver-fire-297","4.354369371405295","2.510805915243158","99","0.4502766847047709","0.06539810099574501"
"helpful-night-296","2.6825514895290707","2.494411255738457","0","10.474662955183325","120429.22196646324"
"solar-frog-295","5.305380677606628","2.5086060927642206","99","0.45091674574591734","0.06628956263602374"
"happy-eon-294","5.193824111521608","2.775143706888034","99","0.4530371559746791","0.058869409246371365"
"curious-lake-293","4.480791363945224","2.341679552293481","99","0.4573773266210088","0.06177388217048246"
"deep-wood-292","4.776607109161136","2.07020856347364","99","0.4720319723732889","0.07398160660827333"
"feasible-pond-291","6.430756050879343","2.3979225890552573","99","0.4547642722124969","0.06414472629479903"
"cosmic-terrain-290","6.169401098784355","2.9138757608301686","99","0.4618185499128965","0.05804131789354602"
"stilted-music-289","5.04250712116545","2.5475569385174124","99","0.45269723553235414","0.06313857946289161"
"stellar-dawn-288","2.0090824738061546","3.4583186938994257","","",""
"toasty-hill-287","2.464554529312684","2.4597281880435085","","",""
"stoic-surf-286","2.9033750463697583","2.6680030950209193","99","0.470418483547817","0.058255471504260734"
"likely-leaf-285","2.461649031500375","2.2528057248107545","","",""
"dark-puddle-284","2.5237027009065063","5.855938959689453","99","0.7123762108828868","0.057228964752444406"
"charmed-bush-283","2.5917508041859256","4.575312508288284","","",""
"proud-bee-282","2.305735636254517","4.520498576759033","","",""
"zesty-paper-281","4.033844733583273","2.3671616399441273","99","0.4541796983049538","0.06507870206903113"
"honest-cloud-280","2.2004806583352754","2.8511344674429333","","",""
"sleek-plasma-279","5.310167532980394","2.857962151645536","","",""
"sandy-wave-278","3.408801418281634","2.021625489256208","","",""
"swift-eon-277","2.7076172820404913","1.0622381128142289","64","2.4173110839546785","0.08259362699586546"
"cosmic-dew-276","4.5","4","1","1.4729397391681356","0.08547444518017618"
"devoted-dust-275","2.8535569561240335","1.6450866034576208","2","2.7962852751618437","NaN"
"lyric-dawn-274","1.9202748254556468","1.301777657229703","","",""
"fine-energy-273","2.9876953023168933","6.049225906246225","99","0.6446126185078792","0.05814566760701491"
"volcanic-monkey-272","2.3831436774130035","3.451973690189849","0","29455346.27478921","808.7252100038803"
"prime-dream-271","3.2731951005318023","5.769151400610632","4","1.3835710626017994","0.06899280467020792"
"trim-armadillo-270","5.146715586649836","5.1211639620568","76","1.3251744843338376","0.07837766154858392"
"autumn-eon-269","4.949229405007161","5.432200038012329","99","1.2862878179563852","0.07205391763076144"
"pleasant-bee-268","3.292102399898842","4.2055459544626945","99","0.5913367657930868","0.05491888726294712"
"atomic-blaze-267","4.630910394224808","4.207456464678389","99","0.714282556254959","0.05874863306946936"
"deep-bush-266","4.703803094542025","4.296796035123641","99","0.7623737196874902","0.05999065507727607"
"ethereal-music-265","3.475462717347485","3.156037835799439","99","0.505166924358683","0.052957389971215435"
"likely-sound-264","4.028646483870432","3.724083036876508","99","0.5596499722614902","0.05498142925704251"
"devout-lion-263","5.683149314039656","3.1346826567454804","99","0.5163203532035362","0.05408524511718596"
"olive-shadow-262","3.123355964266047","3.081390701886731","99","0.5062339340039915","0.054368224150132795"
"balmy-puddle-261","3.1678909369576007","5.333755489692042","99","0.6453987493790595","0.053191754060371535"
"golden-energy-260","4.589326764078397","3.791812904880688","99","0.5827385868939449","0.05650838855501696"
"stellar-spaceship-259","5.6796818424574935","4.77399176230241","99","1.3087357847876144","0.0706177574139272"
"electric-river-258","4.484534410336528","3.202374437111972","99","0.5160283009875596","0.05406587485594275"
"azure-field-257","4.4792946703652765","5.270662677808627","99","1.0557189787892436","0.06617794840286512"
"confused-waterfall-256","3.205327709094367","3.577962477830656","99","0.5294615379682569","0.05345824286565153"
"logical-lake-255","3.054168519055465","4.08119092002269","99","0.5784364182464284","0.054457204942169594"
"hardy-tree-254","3.2519997561259304","3.422800988290802","99","0.5204447434881047","0.05240393122096326"
"vague-resonance-253","3.7358603765754217","5.373492935435511","99","0.7115261609773773","0.06216859972271241"
"dazzling-moon-252","4.803444623522632","3.8388251439699","99","0.6042923732000782","0.055951064494539134"
"wobbly-thunder-251","5.069804818329965","3.6757074324292502","99","0.5725971490979773","0.05503730463697101"
"sweet-dust-250","5.270328405128435","4.043176619205059","99","0.7003906854894559","0.06017091055163755"
"misunderstood-plasma-249","4.552969000184669","4.204336894306995","99","0.7072597431713511","0.05875473611023877"
"scarlet-violet-248","3.732532062108164","3.2293972374627535","99","0.5120556066565982","0.054277010980512935"
"exalted-glade-247","5.315782541337347","3.8394185039504416","99","0.6205352680025145","0.05791888232595112"
"confused-oath-246","3.853260698033832","3.438051203935914","99","0.529456950191249","0.05279937381653939"
"visionary-breeze-245","5.526319414445313","4.803538961887997","99","1.278013541005649","0.0696577938806568"
"dry-plant-244","5.6139481531552775","3.104252459154989","99","0.5129829017040747","0.055298936935106624"
"toasty-glade-243","3.056236614607512","3.240836725564741","99","0.5113296218192274","0.053422414206723265"
"eternal-sound-242","4.107558281343435","3.1759284741384617","99","0.5137551912422801","0.05318620859774251"
"jolly-violet-241","3.055883439060073","3.962808325606115","99","0.5667154199914829","0.05661758583528868"
"solar-jazz-240","5.329611102928695","4.309971029357595","99","0.86475434774754","0.06353114251412166"
"fallen-glitter-239","4.408330700448667","5.713260903862272","99","1.0817138828818844","0.06778195288451744"
"effortless-forest-238","5.286121778349298","4.319576423792995","99","0.8642085280907921","0.06391481603823668"
"wise-donkey-237","4.097214073515046","3.7625205479872927","99","0.5691354011921228","0.055014749633677945"
"fresh-paper-236","5.256840321004395","5.869160582374908","99","1.458419354205719","0.07431662569471173"
"mild-eon-235","4.795858574628786","5.6697833962138215","99","1.2584085918529853","0.07220046437142033"
"dulcet-salad-234","3.75088202444648","5.662109970640518","99","0.7249397912916365","0.06317293938694188"
"worldly-voice-233","3.979656400519577","3.831317911590111","99","0.5728717722800712","0.056230675108518965"
"vocal-sponge-232","4.495253677796993","5.364760472742514","99","1.0822201632628607","0.0674179158100402"
"stellar-snowflake-231","4.2720403588072795","3.5710630559506216","99","0.5425517540946923","0.054597767033371256"
"floral-sky-230","5.550480371997791","5.863100085703842","99","1.5447906564612282","0.08022697679269628"
"scarlet-smoke-229","3.788716806159326","5.571714834009957","99","0.7342477810878523","0.06309817760634528"
"upbeat-mountain-228","3.233880855472073","5.422929061127675","99","0.651130204421713","0.05977248149450208"
"sleek-tree-227","4.444146362737375","5.602547881026336","99","1.0898216889229757","0.0681917026733951"
"jumping-frost-226","5.558652700530208","4.068816776486617","99","0.7307045578788129","0.06103568739134603"
"summer-cosmos-225","3.6364379297113647","4.8794264899757085","99","0.673286846474145","0.05678558222943589"
"trim-cloud-224","3.699405688380027","4.690990823941559","99","0.671663083318026","0.05922125340672557"
"frosty-capybara-223","4.420122043884685","5.566487351369303","99","1.0730139305028124","0.0675259608681929"
"vocal-water-222","4.792185791241898","3.865193874459434","99","0.6098743900363524","0.05649262533459991"
"fresh-frog-221","3.906327587258847","3.713011758017495","99","0.5569345415839003","0.053709324143684345"
"wise-sponge-220","4.491074682224594","4.991411357416095","99","0.9745141291736572","0.06499889683639361"
"daily-paper-219","5.64039243619271","3.1977401189844032","99","0.5198295608628026","0.05471397359385187"
"fast-pine-218","4.545700115388488","5.597422450799172","99","1.1464122151357308","0.06891498534063345"
"ethereal-sun-217","4.588210966149318","3.5550064199057907","99","0.5450354585097881","0.0542007602317625"
"brisk-shape-216","5.821936555184044","3.1372785509623027","99","0.5196193187285443","0.055003639081690536"
"major-wind-215","3.253735471173586","4.035795538461303","99","0.5785213384982609","0.05331666761589088"
"misunderstood-sunset-214","3.1373574190654723","3.73467850200963","99","0.5439300299281571","0.056563358343229606"
"amber-glade-213","5.29822267043167","5.203782193604085","99","1.3778778710079316","0.071161402208991"
"royal-hill-212","3.9639499515831833","3.151370777926599","99","0.5073212918797659","0.05437643037553132"
"decent-pine-211","5.829146921124037","3.1295512994333627","99","0.5192920316606231","0.055225953412996215"
"atomic-shadow-210","5.317033356987588","4.4900657815876075","99","0.9871602430133236","0.06501881323868175"
"laced-pond-209","3.827270911956051","4.593275499718076","99","0.6770332662844936","0.05996713220897992"
"fast-universe-208","4.835988208198388","5.758052075298182","99","1.279587108724133","0.07251509609229834"
"colorful-frost-207","5.05044319200074","5.8081865806719115","99","1.363000938919848","0.07201731821907517"
"unique-sunset-206","4.166968497167463","5.996212553413847","99","0.932540311556278","0.06747049045357982"
"feasible-tree-205","4.224098756386649","4.663427164055633","99","0.7891260159196555","0.061117839938604666"
"lyric-bird-204","5.188516719613236","4.156672187112146","99","0.7556257076445708","0.06150071900684824"
"upbeat-donkey-203","5.245556264844979","3.2741833973124033","99","0.5256709401250551","0.05439541189382512"
"fast-voice-202","5.876777812557769","3.11683526734761","99","0.5169656996920599","0.055839315004717005"
"avid-sponge-201","3.730131432405595","3.098209008228917","99","0.502356593645917","0.05285558838714739"
"still-violet-200","4.270603030529177","4.3146340304079365","99","0.7017660751454173","0.05901673707684582"
"frosty-cosmos-199","3.938518998103541","5.0830223057923725","99","0.7659341126510987","0.0650522980171454"
"rare-cosmos-198","3.4287986801055217","4.235418396112641","99","0.5982297858198917","0.056167593382334374"
"lucky-wind-197","4.636071745854537","5.490636009220038","99","1.1815765563234524","0.06954677954086945"
"gallant-shape-196","5.978541919065544","5.689270429853836","99","1.5935328664121489","0.08465634178813997"
"misty-river-195","3.7757461821006766","3.939437116917428","99","0.5812510473460867","0.05676355905188875"
"astral-flower-194","4.190763632857555","4.378314727987064","99","0.7089906410943614","0.05976303606510284"
"clean-snowflake-193","5.798104619772024","5.0805904721103845","99","1.5112347932459005","0.0794663964710417"
"upbeat-forest-192","3.5611828748752226","4.394400237409743","99","0.6219616522512622","0.05538254813927862"
"playful-dawn-191","5.280392707484936","3.680760407120288","99","0.5752721132191448","0.05569112268001117"
"likely-silence-190","4.207688657122412","5.590686378388806","99","0.9386108905566622","0.06649821439002537"